<?xml version="1.0" encoding="UTF-8"?>
<project-private xmlns="http://www.netbeans.org/ns/project-private/1">
    <editor-bookmarks xmlns="http://www.netbeans.org/ns/editor-bookmarks/2" lastBookmarkId="0"/>
    <open-files xmlns="http://www.netbeans.org/ns/projectui-open-files/2">
        <group>
            <file>file:/C:/Users/Publicidad/Documents/CONSTRUCCION_1_ESTIVEN_ALVAREZ/src/construccion_1_estiven_alvarez/Bill.java</file>
            <file>file:/C:/Users/Publicidad/Documents/CONSTRUCCION_1_ESTIVEN_ALVAREZ/src/construccion_1_estiven_alvarez/CONSTRUCCION_1_ESTIVEN_ALVAREZ.java</file>
            <file>file:/C:/Users/Publicidad/Documents/CONSTRUCCION_1_ESTIVEN_ALVAREZ/src/construccion_1_estiven_alvarez/Club.java</file>
            <file>file:/C:/Users/Publicidad/Documents/CONSTRUCCION_1_ESTIVEN_ALVAREZ/src/construccion_1_estiven_alvarez/Partner.java</file>
            <file>file:/C:/Users/Publicidad/Documents/CONSTRUCCION_1_ESTIVEN_ALVAREZ/src/construccion_1_estiven_alvarez/AllowPerson.java</file>
        </group>
    </open-files>
</project-private>
